country,density,densityMi,population,area
Macau,21892,56701.4766,720262,32.9
Monaco,19316,50027.145,38631,2.02
Singapore,8123,21038.8442,5832390,710
Hong Kong,7062,18290.1113,7414910,1104
Gibraltar,5784,14979.7221,39329,6.8
Bahrain,2047,5302.2414,1607050,765
Maldives,1759,4556.6647,527799,300
Malta,1686,4367.4442,539607,316
Bangladesh,1333,3453.3731,173562000,147570
Sint Maarten,1275,3302.25,43350,34
Bermuda,1197,3100.1341,64636,54
Vatican City,1127,2919.6364,496,0.44
Guernsey,1020,2642.6222,64280,78
Palestine,913,2364.3172,5495440,6220
Mayotte,873,2261.0908,326505,374
Jersey,865,2241.3428,103846,116
Barbados,657,1701.371,282467,430
Taiwan,641,1661.0288,23214000,36193
Mauritius,626,1621.8376,1271170,2040
Aruba,600,1554.9497,108066,180
Nauru,597,1547.1365,11947,21
Rwanda,578,1496.7407,14256600,26338
Lebanon,568,1469.9351,5805960,10452
San Marino,560,1449.5798,33581,61
Burundi,547,1416.8147,14047800,27834
Netherlands,541,1402.2077,18228700,41850
South Korea,530,1372.424,51717600,100210
Saint Martin,523,1353.4822,26129,53
India,488,1263.9403,1450940000,3287590
Comoros,466,1206.1077,866628,1862
Saint Barthelemy,450,1166.3288,11258,21
Israel,434,1123.4927,9387020,20770
Haiti,427,1106.351,11772600,27750
Curacao,418,1081.9783,185482,444
Philippines,389,1006.258,115844000,342353
Belgium,388,1004.0783,11738800,30528
Sri Lanka,373,967.3185,23103600,65610
Puerto Rico,366,946.7078,3242200,8870
Reunion,350,905.8721,878591,2511
Grenada,345,892.8416,117207,344
Japan,340,879.3423,123753000,377930
Pakistan,326,844.2127,251269000,881912
Vietnam,322,834.5077,100988000,331212
Tuvalu,322,832.7713,9646,26
Guam,311,804.7082,167777,549
Cayman Islands,310,803.5151,74457,264
El Salvador,306,792.2738,6338190,21041
Martinique,304,788.0098,343195,1128
Saint Lucia,295,763.1753,179744,616
Trinidad and Tobago,294,761.2379,1507780,5130
United Kingdom,286,740.1643,69138200,242900
Seychelles,284,734.31,130418,452
Kuwait,277,717.1931,4934510,17818
Gambia,273,706.3611,2759990,10689
Qatar,265,687.1547,3048420,11586
British Virgin Islands,263,681.5326,39471,151
Jamaica,262,678.9913,2839180,10991
Luxembourg,261,677.0881,673036,2586
Saint Vincent and the Grenadines,258,668.1934,100616,389
Nigeria,255,661.6803,232679000,923768
Tokelau,251,649.054,2506,12
Uganda,249,646.0159,50015100,241550
Liechtenstein,249,645.3956,39870,160
Sao Tome and Principe,245,635.4565,235536,964
United States Virgin Islands,245,633.729,84905,347
Germany,242,626.7787,84552200,357114
Dominican Republic,237,612.6575,11427600,48671
American Samoa,234,605.6067,46765,199
Guadeloupe,230,596.7595,375106,1628
Malawi,230,594.9006,21655300,118484
Switzerland,226,584.774,8921980,41284
North Korea,220,569.985,26498800,120538
Antigua and Barbuda,213,551.9761,93772,442
Marshall Islands,209,540.274,37548,181
Nepal,207,535.7262,29651100,147181
Italy,201,519.7473,59342900,301336
Saint Kitts and Nevis,180,466.6283,46843,261
Togo,175,453.1067,9515240,56785
Andorra,174,451.5307,81938,468
Guatemala,172,444.8729,18406400,108889
Kiribati,166,430.1255,134518,811
Micronesia,162,418.692,113160,702
Anguilla,160,415.4815,14598,91
United Arab Emirates,155,402.1429,11027100,83600
Ghana,151,391.8859,34427400,238533
Indonesia,151,391.066,283488000,1904569
China,151,390.0429,1419320000,9706961
Denmark,149,387.0373,5977410,43094
Isle of Man,148,382.4112,84160,572
Cyprus,147,380.73,1358280,9251
Tonga,145,374.7406,104175,747
Thailand,140,363.327,71668000,513120
Czech Republic,139,360.1881,10735900,78865
Syria,134,347.9963,24672800,185180
Cape Verde,130,337.077,524877,4033
Jordan,130,336.9824,11552900,89342
Benin,128,332.1958,14462700,112622
Poland,126,326.0593,38539200,312679
Azerbaijan,125,323.9333,10336600,86600
France,122,314.7811,66548500,551695
Sierra Leone,120,310.0974,8642020,71740
Egypt,117,303.213,116538000,1002450
Ethiopia,117,303.0694,132060000,1104300
Portugal,114,294.7585,10425300,92090
Slovakia,112,290.8638,5506760,49037
Turkey,112,289.1375,87473800,783562
Austria,111,286.2688,9120810,83871
Malaysia,108,280.3057,35557700,330803
Iraq,106,274.6858,46042000,438317
Hungary,106,274.6132,9676140,93028
Cuba,106,273.9661,10979800,109884
Slovenia,105,272.5131,2118700,20273
Armenia,104,270.539,2973840,29743
Albania,102,263.8926,2791760,28748
Costa Rica,100,260.2128,5129910,51100
Ivory Coast,100,260.093,31934200,322463
Cambodia,100,258.8063,17638800,181035
Kenya,99,256.8106,56432900,580367
Honduras,97,250.5904,10825700,112492
Northern Mariana Islands,96,249.3044,44278,464
Senegal,96,248.8972,18502000,196722
Spain,96,248.3967,47910500,505992
Timor-Leste,94,243.9581,1400640,14874
Moldova,92,239.0343,3034960,33846
Dominica,88,228.6279,66205,751
Brunei,88,227.4094,462721,5765
Burkina Faso,86,222.9218,23548800,272967
Morocco,85,220.9955,38081200,446550
Myanmar,84,216.2736,54500100,676578
Romania,83,214.0521,19015100,238391
Uzbekistan,83,213.7236,36361900,447400
French Polynesia,81,210.2795,281807,4167
Tunisia,79,204.671,12277100,163610
Samoa,78,203.1184,218019,2842
Guinea-Bissau,78,202.7559,2201350,36125
Greece,78,201.8914,10047800,131990
Tanzania,77,200.4639,68560200,945087
Serbia,77,199.4833,6736220,88361
Lesotho,77,199.4044,2337420,30355
Yemen,77,199.0842,40583200,527968
Tajikistan,76,197.6398,10590900,143100
Ireland,76,197.5686,5255020,70273
Ecuador,73,189.1244,18135500,276841
North Macedonia,72,187.2163,1823010,25713
Eswatini,72,187.1456,1242820,17364
Croatia,69,179.3617,3875320,56594
Equatorial Guinea,67,174.7461,1892520,28051
Mexico,67,174.3512,130861000,1964375
Afghanistan,65,169.3529,42647500,652230
Ukraine,65,169.2405,37860200,603500
Bulgaria,62,161.2234,6757690,110879
Bosnia and Herzegovina,62,160.0666,3164250,51209
Cameroon,62,159.5701,29123700,475442
Panama,61,157.6618,4515580,75417
Guinea,60,155.5223,14754800,245857
Liberia,58,150.9261,5612820,111369
Nicaragua,57,148.8516,6916140,130373
Cook Islands,57,148.1588,13729,240
Iran,56,146.1697,91567700,1648195
Madagascar,55,142.2986,31965000,587041
Georgia,55,141.9178,3807670,69700
South Africa,53,136.6582,64007200,1221037
Fiji,51,131.6667,928784,18272
Djibouti,50,130.5861,1168720,23200
Turks and Caicos Islands,49,127.1368,46535,948
DR Congo,48,124.8428,109276000,2344858
Colombia,48,123.4572,52886400,1141748
Montenegro,47,122.9487,638479,13812
Lithuania,46,118.2545,2859110,65300
Belarus,45,115.5624,9056700,207600
Mozambique,44,114.0624,34631800,801590
Montserrat,43,111.4462,4389,102
Zimbabwe,43,111.369,16634400,390757
Wallis and Futuna,41,106.5965,11277,274
Faroe Islands,41,105.041,55400,1393
Bahamas,40,103.8285,401283,13943
Palau,38,99.6305,17695,459
United States,38,97.8042,345427000,9372610
Kyrgyzstan,37,97.0374,7186010,199951
Laos,34,87.1917,7769820,236800
Venezuela,32,83.4082,28405500,916445
Estonia,32,82.4286,1360550,45227
Angola,30,78.7072,37885800,1246700
Somalia,30,78.4803,19009200,637657
Latvia,30,77.9069,1871870,64559
Solomon Islands,29,75.8029,819198,28896
Eritrea,29,75.6539,3535600,117600
Zambia,29,74.2623,21315000,752612
Sudan,27,69.948,50449000,1886068
Vanuatu,27,69.6425,327777,12189
Peru,27,69.2376,34217800,1285216
Chile,27,68.8482,19764800,756102
Sweden,26,67.4521,10607000,450295
Brazil,25,65.6937,211999000,8515767
Papua New Guinea,23,60.4892,10576500,462840
Saint Pierre and Miquelon,23,60.2336,5628,242
Niger,21,55.2727,27032400,1267000
Bhutan,21,53.7506,791524,38394
Mali,20,51.9588,24478600,1240192
New Zealand,20,51.286,5213940,270467
Algeria,20,50.9077,46814300,2381741
Uruguay,19,50.1158,3386590,181034
South Sudan,19,48.9507,11943400,619745
Republic of the Congo,19,48.0304,6332960,342000
Finland,18,47.8675,5617310,338424
Belize,18,47.3571,417072,22966
Paraguay,17,45.1712,6929150,406752
Oman,17,44.1977,5281540,309500
Argentina,17,43.2468,45696200,2780400
Chad,16,41.7524,20299100,1284000
New Caledonia,16,41.4625,292639,18575
Turkmenistan,16,41.3056,7494500,488100
Saudi Arabia,16,40.9192,33962800,2149690
Norway,15,39.649,5576660,323802
Bolivia,11,29.6782,12413300,1098581
Gabon,10,25.5206,2538950,267668
Russia,9,22.9033,144820000,17098242
Central African Republic,9,22.162,5330690,622984
Kazakhstan,8,19.7558,20592600,2724900
Niue,7,18.0506,1819,261
Mauritania,5,12.99,5169400,1030700
Botswana,4,11.5218,2521140,582000
Canada,4,11.4809,39742400,9984670
Guyana,4,10.9348,831087,214969
Libya,4,10.8647,7381020,1759540
Suriname,4,10.5332,634431,163820
Iceland,4,10.1051,393396,103000
French Guiana,4,9.5658,308522,83534
Namibia,4,9.5325,3030130,825615
Australia,3,8.9947,26713200,7692024
Mongolia,2,5.7795,3475540,1564110
Western Sahara,2,5.7497,590506,266000
Falkland Islands,0,0.7383,3470,12173
Greenland,0,0.3524,55840,2166086
